ASP Name,Contact Number,Pincode,Area
Bibi,114-282-5764,83077 CEDEX 9,Toulon
Julissa,942-842-1973,,Ciudad Ojeda
Camel,350-183-2685,56800-000,Afogados da Ingazeira
Inness,775-272-2939,,Biting
Evyn,837-912-4836,,Dobryanka
Toddie,862-496-3961,,Santa Cruz
Janenna,941-633-8263,,Yicheng
Rustie,352-580-3645,783 22,Vilémov
Walliw,374-656-3529,,Starychi
Kaitlynn,107-871-2470,,Dushang
Anton,579-296-1295,3515,Colonias Unidas
Lenette,663-178-7492,,Cireundang
Julianne,314-801-3391,20-960,Lublin
Augusta,643-918-6197,,Wa
Rory,949-916-2955,613594,Mogzon
Aldous,435-950-0596,,Nangabulik
Paulette,955-447-2978,4021,Kabulusan
Clerissa,338-797-9471,,Sijiqing
Gran,857-103-3054,,Bolnisi
Cherey,970-325-0072,2578,Den Haag
Kerwinn,872-277-1260,5504,San Andres
Kari,419-111-5420,43615,Toledo
Linzy,129-293-0957,544 75,Zadní Mostek
Mercedes,193-240-5367,MLH,Mellieħa
Nellie,280-160-9031,,Qiaotou
Craggie,138-237-1926,1738,København
Danell,608-496-9981,,Shangping
Jervis,149-485-6143,,Jambu
Teador,864-288-2322,92592 CEDEX,Levallois-Perret
Mona,649-160-1499,77554 CEDEX,Moissy-Cramayel
Joyann,483-263-8528,366303,Staryye Atagi
Claudine,364-663-3769,,Xinglong
Judas,789-317-1903,95140,Surin
Frank,755-540-3526,4676,Kristiansand S
Elinor,477-515-8137,,Gerong
Damiano,512-906-6993,,Jingguan
Jesus,131-600-4578,,Sarae
Brandy,530-433-6897,369-1241,Musashino
Darcee,486-834-3616,,Xian’an
Sydney,235-288-9415,779-1631,Anan
Dermot,242-582-5810,,Bogorame
Donal,981-296-8638,,Vilque Chico
Jolie,219-727-3289,6534,Labnig
Davy,405-176-3411,,Brazzaville
Reinhold,297-980-0631,34504 CEDEX,Béziers
Sherie,509-300-6504,,Santa María de Ipire
Paola,765-331-4331,619184,Maykor
Drusi,882-639-8799,32283,Vođinci
Eadmund,336-168-2691,361336,Nartkala
Hinze,477-997-1649,121 12,Johanneshov
