S NO,DEALER NAME,CITY
1,A P FURNITURE MALL,TENALI
2,ABHIRAM ELECTRONICS,DHARMAVARAM
3,ACN DIGITAL SHOPPE,HINDUPUR
4,ADILAKSHMI ELECTRONICS,MACHILIPATNAM
5,ADITYA ELECTRONICS & HOME APPLIANCES,SATTENAPALLI
6,ALLCHEM BIO SCIENCE PVT.LTD,HYDERABAD
7,AMAZON SELLER SERVICES PRIVATE LIMITED,VIJAYAWADA
8,AMBIKA APPLIANCES PVT LTD,HUBLI
9,AMEER ELECTRONICS,ATMAKUR
10,AMEER ENTERPRISES,DACHEPALLI
11,AMITH CHOWDARY,DELHI
12,ANIL DIGI WORLD,KALYANADURGAM
13,ANR MARKETING,VIJAYAWADA
14,ANTARIKSH TRADE LINKS,HOSPET
15,ANWAR ELECTRONICS,BAPATLA
16,ANWAR HOME NEEDS,BAPATLA
17,AQIB BROTHERS,HYDERABAD
18,ARAVIND AGENCIES,HINDUPUR
19,ARUNA CABS,VIJAYAWADA
20,ASHA ENTERPRISES,DHARMAVARAM
21,ASIAN ELECTRONICS,HYDERABAD
22,ASPIRE MARKETING,CHENNAI
23,AYYAPPA ELECTRONICS & HOME NEEDS,MACHERLA
24,BAJAJ AGENCIES,NIZAMABAD
25,BALAJI  HOME NEEDS,DAMMAPETA
26,BALAJI ELECTRONICS  KANDUKURU,KANDUKURU
27,BALAJI ENTERPRISESS,JANGAREDDYGUDEM
28,BALAJI FURNITURE,RAVULAPALEM
29,BALAJI FURNITURE WORLD,BADRACHALEM
30,BALAJI RADIO HOUSE,NIZAMABAD
31,BASHA ELECTRICALS,NARASARAOPETA
32,BEESONS,RAIPUR
33,BHAGYA LAKSHMI ELECTROPLAST PVT LTD,HYDERABAD
34,BHAGYA LAKSHMI HOME NEEDS,RAJAMUNDRY
35,BHAGYASRI HOME NEEDS,PALVENCHA
36,BHARAT ELECTRONICS AND HOME APPLIANCES,KALABURAGI
37,BHARATI ENTERPRISES,SAMARLAKOTA
38,BHASHA,ANANTHAPUR 1
39,BHUMI ELECTRONICS,MYSURU
40,BROTHER SHOP,KAKINADA
41,BUJJI ELECTRONICS,VIJAYAWADA
42,CHAHAT ENTERPRISES,BIHAR
43,CHARAN ELECTRONICS,MUDHIGUBBA
44,CHENNAI STEEL AND HOME APPLIANCIES,HYDERABAD
45,CITY ENTERPRISES,GUNTUR
46,CITY LIGHT HOUSE,KOTHAGUDEM
47,COOL INDIA,JODHPUR
48,CVR MUSA JOINT MOULD,HYDERABAD
49,D G ELECTRONICS,RAJAMUNDRY
50,D L N ELECTRONICS,NUZIVEEDU
51,D R ELECTRONICS,HINDUPUR
52,DATTATREYA ENTER PRISES,MOGALTURU
53,DEALERS ACCOUNT,DEALERS
54,DEVI ELECTRONICS,ELURU
55,DIGITAL SHOPPYY,MACHILIPATNAM
56,DIVYA DIGITAL SHOPPE,ACHANTA
57,DIVYA DIGITAL SHOPPY T.V HOME APPLIANCE,NARASAPURAM
58,DIVYA SAI SRINIVASA HOME NEEDS,YELESWARAM
59,DIWAKAR ELECTRONICS,TANUKU
60,DREAM ENTERPRISES,REPALLE
61,DURGA ENTERPRISES,VIJAYAWADA
62,DWARAKA ENTERPRISES,TADEPALLIGUDEM 1
63,DYNAMIC INDUSTRIES,NARSINGPUR
64,E BAZAR PNR,PONNUR
65,ESAPLLING(OPC) PVT LTD,PUNE
66,EWEL GROUP INDIA PRIVATE LIMITED,BANGALORE
67,EWEL GROUP INDIA PVT LTD,BANGALORE
68,FEDERAL PLAST,HYDERABAD
69,G N AGENCIES,ANANTHAPUR 1
70,G N HOME APPLIANCES,KALYANADURGAM
71,G N R HOME NEEDS,VUYYURU
72,GANESH ELECTRONICS (Markapuram),MARKAPURAM
73,GANESH ENTERPRISES,PONNUR
74,GAUTHAM COOLING SOLUTIONS,KURNOOL
75,GAYATHRI FURNITURES & HOME NEEDS,MACHERLA
76,GAYATHRI HOME APPLIENCESS,RAJAMUNDRY
77,GAYATRI MEGA FURNITURE,TADEPALLIGUDEM
78,GEMINI ELECTRONICS COMPANY,ANANTHAPUR 1
79,GOPI KRISHNA ELE,GUDIWADA
80,GREEN PEARL ELECTRONICS Pvt.Ltd,CHENNAI
81,GUPTA ENTERPRISES,VIJAYAWADA
82,GVS TECHNOLOGIES,AMALAPURAM1
83,HARI PRIYA ELECTRONICS,NARASARAOPETA
84,HARSHITHA HOME NEEDS,YELESWARAM
85,HASEENA ENTERPRISES,GOKAVARAM
86,HOME STAR,RAIPUR
87,HS ENTERPRISE NEW,CHITTOOR
88,HS ENTERPRISES,CHITTOOR
89,INBOX MARKETING LLD,CHENNAI
90,INNOVATION,TADEPALLIGUDEM
91,INNOVATIONS SHOPPING MALL,BHIMAVARAM
92,J.B HOME NEEDS,ALUR
93,JAI BHAWANI AGENCY,ODISHA
94,JAY ASSOCIATES,CHENNAI
95,JAYA SEKHAR REDDY.J,PILER
96,JAYENE DIGITAL SHOPPY,ANANTHAPUR 1
97,JEMINI PLAZA,KAKINADA
98,JYOTHI DIGITAL WORLD MGL,MANGALAGIRI
99,JYOTHI ENTERPRISES,TALLAPUDI
100,JYOTHI FURNITURE & ELECTRONICS,TENALI
101,JYOTI ELECTRONICS,MANGALAGIRI
102,KALYAN ENTERPRISES,KALYANADURGAM
103,KALYANA CHAKRAVARTHI,PALAKOLLU
104,KAMADHENU ELECTRONICS,MYLAVARAM
105,KAMAL ELECTRICALS,MANDSUR
106,KARIMA ELECTRICAL WORKS,BAPATLA
107,KASIM,MACHILIPATNAM
108,KATYANI ENTERPRISES,ELURU
109,KATYANI ENTERPRISES ELURU,ELURU
110,KAVITHA ELECTRONICS,KANEKAL
111,KAVYA ENTERPRISES,HYDERABAD
112,KHATER ELECTRONICS,SECUNDERABAD
113,KRISHNA GEETHA ENTERPRISES,GANAPAVARAM
114,KRISHNA PRASAD,REHMANGARU
115,KRISHNAENTERPRISES,IBRAHIMPATNAM
116,KUMAR ENTERPRISES TV&FURNATURE SHOWROOM,BHIMAVARAM
117,KUNJETI ELECTRICALS AND GENERAL TRADERS,KADHIRI
118,LAASYA SRI ENTERPRISES,RAJAMUNDRY
119,LAKSHMI AGENCIES,GUNTAKAL
120,LAKSHMI CHAITANYA ELECTRICALS AND ELECTRONICS,RAJAMUNDRY
121,LAKSHMI ELECTRONICS / GRL,GURAJALA
122,LAKSHMI SAINADH ENTER PRISES,RAJAMUNDRY
123,LAKSHMI SRINIVASA AGENCY,CHILAKALURIPETA
124,LAKSHMINARAYANA ELECTRONICS,PUTTAPARTHI
125,LAXMAI ELECTRONICS,KARIMNAGAR
126,LAXMI AUDIOS,HUBLI
127,LEELA LAKSHMI PRASANNA &CO,KARAMPUDI
128,LEO DECCAN ELECTRONICS,KARIMNAGAR
129,LORD VENKATESWARA ELECTRONICS,ADILABAD
130,MAA LAXMI ENTERPRISES,BIHAR
131,MAHAVIR AGENCIES,TALODA
132,MAHESWARI MARKETING,JODHPUR
133,MAKAM TRADERS,GOOTY
134,MALLIKARJUNA ELE AND FURNITURE,SURYAPETA
135,MALPANI ANTENNA ELECTRONICS (P)LTD,HYDERABAD
136,MANISH TRUNK AND FURNITURE HOUSE,DELHI
137,MANJUNATHA MARKETING,KADHIRI
138,MARUTHI ELE & HOME NEEDS,PIDUGURALLA
139,MARUTHI ELECTRONICS & HOME NEEDS,HANUMANJUNCTION
140,MARUTHI ENTERPRISES,NARASARAOPETA
141,MARUTI ELECTRONICS,HYDERABAD
142,MATTUPALLI ELECTRONICS,GUNTUR
143,MD STEEL,SIRSA
144,MODERN AIR CONDITION AND HOME APPLIANCES,CHILAKALURIPETA
145,MS AGENCIES,DHARMAVARAM
146,MURALI (DTCT),NANO CUSTOMERS
147,MVV ENTERPRISES,DHARMAVARAM
148,MY HOME SHOPPY,IBRAHIMPATNAM
149,MYVA DIGITAL/PONNUR,PONNUR
150,NAGA SAI HOME APPLIANCE,SECUNDERABAD
151,NAGA SHANMUKHA ELECTRONICS,PUTTAPARTHI
152,NAGA SIVA ELECTRONICS,VUYYURU
153,NAGAS DIGITAL SHOPPY,ANANTHAPUR 1
154,NARAYANA EMPORIUM,NIDADAVOLU
155,NAVODAYA ELECTRICALS,PALAKOLLU
156,NEELIMA ELECTRONICS & HOME NEEDS,ASWARAOPETA
157,NEW GLASS HOUSE,KAKINADA
158,NEW KAVERI HOME NEEDS (HA),PALVENCHA
159,NEW MAKAM TRADERS,GOOTY
160,NEW SHILPA E/P (HA),ILLENDU
161,NEW SONOVISION,BHIMAVARAM
162,NEW SRI SAI GANESH ENTERPRISES,TADIPATHRI
163,NIHARIKA DIGITAL&HOME NEEDS,NARASARAOPETA
164,NIVAS ENTERPRISES,NIZAMABAD
165,NYNI ENTERPRISES,IBRAHIMPATNAM
166,OM SAI BHASKHAR WATCH & ELECTRONICS,NANDIGAMA
167,OM SAI ELECTRONICS,NASIK
168,PANDURANGA TV & HOME NEEDS,CUMBUM
169,PARAMESWARI MARKETING,VISAKHAPATNAM
170,PARMAR BUSSINESS SOLUTIONS PVT LTD,NAGPUR
171,PENTA RAMACHENDRA RAO & SONS,KAKINADA
172,PINKY ELECTRONICS,HYDERABAD
173,POORNA ELECTRONICS,WARANGAL
174,PRAKASH ELECTRICALS,TENALI
175,PRASAD,SATTUPALLI
176,PREM NAGAR ELECTRONICS NAGESWARRAO,TIRUVURU
177,PRIME ENTERPRZS,HYDERABAD
178,PUJENDRA SING,NANO CUSTOMERS
179,PVR FURNITURE & HOME NEEDS,NUZIVEEDU
180,R K ENTERPRISES VJA,VIJAYAWADA
181,R R ELECTRONICS,KAKINADA
182,RADHA ENTERPRISES,DACHEPALLI
183,RADHA KRISHNA ELECTRONICS,PENTAPADU
184,RADHEY SHREE AGENCY,JODHPUR
185,RAFI ELECTRONICS,BAPATLA
186,RAGHAVENDRA ELE GDV,GUDIWADA
187,RAGHAVENDRA ELECTRONICS,DHONE
188,RAGHU ELECTRONICS,NARASAPURAM
189,RAHUL INDUSTRIES,JODHPUR
190,RAJ COMPUTERS &  ELECTRONICS,MACHERLA
191,RAJA MACHILIPATNAM,REHMANGARU
192,RAJCO ELECTRONICS,JANGAREDDYGUDEM
193,RAJU ELECTRONICS,TADIPATHRI
194,RAMA DEVI ELE & HOME APPLIANCES,RAYADURGAM
195,RAMA ELECTRONICS,VIJAYAWADA
196,RAMESH MADHIRA,MADHIRA
197,RAMU,SATTUPALLI
198,RAMU ELECTRONICS,BAPATLA
199,RASHEED ELECTRONICS & HOME NEEDS,BAPATLA
200,RAVI ELECTRICALS,PALAKOLLU
201,RAYALASEEMA AGENCIES,CHITTOOR
202,REDDYS REFRIGERATION & ENTERPRISES,SIDDIPET
203,RK DIGITAL SHOPPY,ANANTHAPUR 1
204,ROOPAM ELECTRONICS AND APPLIANCES,HYDERABAD
205,ROSHAN LIGHTS,CHILAKALURIPETA
206,ROYAL  MOBILES,GUNTAKAL
207,ROYALA TRADERS,ADONI
208,RR ELECTRONICS,NARASARAOPETA
209,RS ENTERPRISES,HYDERABAD
210,RUCHITA HOME NEEDS & ELECTRONICS,ASWARAOPETA
211,S S ENTERPRISES,NELLORE
212,S V V JWELERY & HOME APPLIENCES,NUZIVEEDU
213,SADIQ COMMUNICATIONS,GORANTLA
214,SAI BABA ENTER PRISES,KAIKALURU
215,SAI BALAJI ENTERPRISES,ELURU
216,SAI ELECTRONICS,MADHIRA
217,SAI ELECTRONICS&FURNITURES,CHERUKUPALLI
218,SAI HARIKA ENTERPRISES,VIJAYAWADA
219,SAI KRISHNA TRADING COMPANY,KURNOOL
220,SAI PRAKASH FURNITURES & HOME APPLIANCES,VINUKONDA
221,SAI PRIYA ENTERPRISES & ELE,KAIKALURU
222,SAI RAM ENTER PRISES,KAMAVARAPUKOTA
223,SAI RAMANA ELECTRONICS (markapuram),MARKAPURAM
224,SAI SRINIVASA COMPUTERS,VIJAYAWADA
225,SAI SRINIVASA ELECTRONICS,TADEPALLIGUDEM
226,SAI TEJA ELECTRONICS,PONNUR
227,SAI TEJA INDO PLAST OGL,INTER FIRM
228,SAI TRADERS,BIHAR
229,SAIRAM ENTERPRISES,KARLAPALEM
230,SANGEETA ELECTRONICS & HOME APPLIANCES,RAYADURGAM
231,SANTHI SRI MOTORS AND PIPE TRADERS,ONGOLE
232,SAPTAGIRI ELECTRONICS,GOOTY
233,SARADA ELECTRONICS,JAGGAYYAPETA
234,SASHA SAI HOME NEEDS,GANAPAVARAM
235,SATYA ENTERPRISES,AKIVEEDU
236,SATYA NARAYAN PATRI,RAIPUR
237,SATYAM ELECTRONICS & HOME NEEDS,ASWARAOPETA
238,SATYAM FURNITURE,CHERUKUPALLI
239,SATYANARAYANA SILVER SHOP,TENALI
240,SBM ENTERPRISES,GULBARGA
241,SELECTIVE BUSINESS SYSTEM,BHOPAL
242,SHIRID SAI ELECTRONICS,VINUKONDA
243,SHIRIDISAI ELECTRONICS,KADHIRI
244,SHIVA INDUSTRIES,DELHI
245,SHREEJA ENTERPRISES,SHIVAMOGA
246,SHRI NIDHI APPLIANCES,BELGAUM
247,SIDDHI VINAYAKA ENTER PRISES,DHARMAVARAM
248,SIVA KUMAR REDDY.P,ANANTHAPUR 1
249,SIVA KUMAR V,REHMANGARU
250,SIVA METAL & HOME NEEDS,ELURU
251,SIVA SAI COLD STORAGE PVT LTD,GUNTUR
252,SMART COOL MARKETING,VIJAYAWADA
253,SN ENTERPRISES,HYDERABAD
254,SOLAR ELECTRONICS,INDORE
255,SONOVISION ENTERPRISES,VIJAYAWADA
256,SONOVISION WATCH AND ELECTRONICS,SATTUPALLI
257,SONY ELECTRONICS,KARIMNAGAR
258,SREE BALAJI AGENCIES,CHENNAI
259,SREE LAKSHMI GANAPATHY ELECTRONICS & MOBILES,NANDIGAMA
260,SREE SAI TV SERVICE CENTER,TADIPATHRI
261,SRI ADHITYA ELECTRONICS,CHILAKALURIPETA
262,SRI ASHOK CHAKRAVARTHY ELE & HOME NEEDS,GOOTY
263,SRI AYYAPPA ELECTRONICS,GUDIWADA
264,SRI BHANU ELECTRONICS & HOME NEEDS,CHILAKALURIPETA
265,SRI BHARGAVI ELECTRONICS,GUDIWADA
266,SRI DHANALAKSHMI AGENCIES,ATTILI
267,SRI DHANALAKSHMI AGENCIES kovvuru,KOVVURU
268,SRI GANESH RADIO ELECTRONICS,VISSANNAPETA
269,SRI GAYATHRI ELECTRONICS,TADEPALLIGUDEM
270,SRI HANUMAN ENTERPRISES,ANANTHAPUR
271,SRI HARI DIGITAL SHOPPY,PENUKONDA
272,SRI INNOVATIONS,NARASAPURAM
273,SRI JAGADHAMBHA AGENCIES,MANCHERIAL
274,SRI KARTHIKEYA ELECTRONICS&AUTO MOBILES,VATSAVAI
275,SRI KRISHNA ENTERPRISES,TUNI
276,SRI LAKSHMI AGENCIES,RAJAMUNDRY
277,SRI LAKSHMI AUTO APPLIANCES,CHIRALA
278,SRI LAKSHMI ELECTRICALS,REPALLE
279,SRI LAKSHMI GANAPATHI ELECTRONICS & HOME APPLIANCES,VINUKONDA
280,SRI LAKSHMI SRINIVASA AUTO MOBILES,NANI DEALERS
281,SRI MAHESH ELECTRONICS,KANDUKURU
282,SRI MANIKANTA HOME NEEDS,RAMACHENDRAPURAM
283,SRI MANIKANTA TRADING CO,PEDDAPURAM
284,SRI MANIKANTA TV & HOME APPLIANCE,SATTENAPALLI
285,SRI MANJUNATHA MOBILES AND ENTERPRISES,RAYADURGAM
286,SRI MATTUPALLI APPLIENCES,GUNTUR
287,SRI NATIONAL ELECTRONICS& HOME NEEDS,JAGGAYYAPETA
288,SRI PADMA TV CENTER & HOME NEEDS,MANDAPETA
289,SRI RAJA ELECTRONICS,TADIPATHRI
290,SRI RAJESWARI ENTERPRISES,NUZIVEEDU
291,SRI RAJYALAKSHMI ELECTRONICS & HOME NEEDS,REPALLE
292,SRI RAM NARAYANA MURTHY,CHENNAI
293,SRI RANGA ELECTRONICS,GUNTAKAL
294,SRI RAVI TEJA ENTERPRISES,JAGGAYYAPETA
295,SRI SAI AGENCIES / OGL,ONGOLE
296,SRI SAI DURGA HOME NEEDS,VIJAYAWADA
297,SRI SAI E/P,JAGGAYYAPETA
298,SRI SAI ELECTRONICS,NALLAZARLA
299,SRI SAI JYOTHI ELECTRONICS,TENALI
300,SRI SAI KRISHNA FURNITURE&HOME NEEDS,JAGGAMPETA
301,SRI SAI LAKSHMI AGENCIES,DHAVALESWARAM
302,SRI SAI LAKSHMI ELECTRONICS & HOME NEEDS,JANGAREDDYGUDEM
303,SRI SAI MARK ENTERPRISES,URAVAKONDA
304,SRI SAI RAM ELECTRONICS,CHALLAPALLI
305,SRI SAI RAM ELECTRONICSS,BHIMAVARAM
306,SRI SAI SRINIVASA DIGITAL SHOPPE,YANAM
307,SRI SAI TEJA ELECTRONICS,CHILAKALURIPETA
308,SRI SAI TV SHOW ROOM,GUNTAKAL
309,SRI SAIRAM ELECTRONICS,GUNTUR
310,SRI SAIRAM TECHNICAL AGENCIES,GUNTUR
311,SRI SAMBASIVA ENTER PRISES,DACHEPALLI
312,SRI SAROJINI AGENCIES,KODADA
313,SRI SATGURU ELECTRONICS,SECUNDERABAD
314,SRI SATYA SAI HOMENEEDS TV&FUR SHOWROOM,RAVULAPALEM
315,SRI SEETHARAMA ELECTRONICS & HOME APPLIANCES,MACHERLA
316,SRI SIRI VENNELA REFRIGIRATIONS&HOME NEEDS,AMALAPURAM
317,SRI SIVA RAGHAVENDRA ELECTRONICS,TADIPATHRI
318,SRI SRINIVASA ENTERPRISES,PIDUGURALLA
319,SRI SRINIVASA FURNITURES,ONGOLE1
320,SRI SRINIVASA HOME APPLIANCES,VISAKHAPATNAM
321,SRI SUBRAMANYESWARA ELECTRONICS,ALLAGADDA
322,SRI SUCHITRA ELECTRONICS,TADEPALLIGUDEM
323,SRI SUMANA ELECTRONICS,RAYADURGAM
324,SRI SURYA PRASAD ELECTRONICS & HOME NEEDS,MALIKIPURAM
325,SRI SURYA SONOVISION FURNITURE &ELECTRONICS,TIRUVURU
326,SRI V R ELECTRONICS,DRAKSHARAMAM
327,SRI VASTA ELECTRONICS,NUZIVEEDU
328,SRI VENKATESWARA ELE,MADHIRA
329,SRI VENKATESWARA ELECTRICALS & GENARALS STORES,GAMPALAGUDEM
330,SRI VENKATESWARA ENTERPRISES,KRISHNA GUNTUR
331,SRI VENKATESWARA HOME NEEDS,YELESWARAM
332,SRI VENKATESWARA HOMENEEDS,GANAPAVARAM
333,SRI VENUGOPAL ELECTRONICS,PENTAPADU
334,SRI VIGNESWARA HOME NEEDS AND GENERAL STORES,DRAKSHARAMAM
335,SRI VIJAYA LAKSHMI ENTER PRISES,YELESWARAM
336,SRI VIJAYA SAI AGENCIES,ELURU
337,SRIDHAR AGENCIES,BALLARI
338,SRIKANTHS DIGI SHOPPE,TADEPALLIGUDEM
339,SRINIVAS ELECTRONICS NEW( BHAVANIPURAM),RATNAKUMARA DEALERS
340,SRINIVAS MADHIRA,MADHIRA
341,SRINIVASA DIGITAL SHOPPY,AMALAPURAM
342,SRINIVASA ELE  GUDIWADA,GUDIWADA
343,SRINIVASA ELECTRONICS & ELECTRICALS,PEDANA
344,SRINIVASA ELECTRONICS & MOBILES,NANDIGAMA
345,SRINIVASA SELECTIONS,CHIRALA
346,SRINIVASA TRADING CO,YELESWARAM
347,STAR ELECTRONICS,VIJAYAWADA
348,STAR VISION TV SHOP,BHIMAVARAM
349,SUDHEER ELECTRONICS,MYLAVARAM
350,SUKHANI ENTERPRISES,SECUNDERABAD
351,SUMA ENTERPRISES,RAYADURGAM
352,SUREN ELECTRONICS AND HOME NEEDS,NIZAMABAD
353,SURYA ELECTRONICS,ONGOLE1
354,SURYA ELECTRONICS AND HOME APPLIANCES,NANDYALA
355,SURYA ELECTRONICS JANGAREDDYGUDEM,JANGAREDDYGUDEM
356,SURYA ENTERPRISES,NUZIVEEDU
357,SURYA TEJA SHOPPING MALL,MATERU W G
358,SWAMY AYYAPPA IRON SAFE & CO,KAIKALURU
359,SWAMY ENTER PRISES,VISSANNAPETA
360,TECHMAGIC,CHENNAI
361,TEJA MOBILE WORLD,VUYYURU
362,THIRUMALA PLASTIC,NANO CUSTOMERS
363,TRAVELLING ADVANCE EXE,DEALERS
364,TRILOK ELECTRONICS,RAJAMUNDRY
365,TV CENTER,KARIMNAGAR
366,UMA TRADERS,PENUKONDA
367,UNIQUE ENTERPRISES,BALLARI
368,UTSAV FURNITURE AND ELECTRONICS-,UTTAR PRADEASH
369,VALI ENTERPRISES,YELESWARAM
370,VALI ENTERPRISES KANIGIRI,KANIGIRI
371,VAMSEE ENTER PRISES,NANDIGAMA
372,VANDANA HOME APPLIENCESS & FURNITURES,KANIGIRI
373,VASAVI AGENCIES,GUNTUR
374,VASAVI AGENCIES DHARMAVARAM,DHARMAVARAM
375,VASAVI TIME VISION,ANANTHAPUR 1
376,VASUDHA HOME APPLEINCESS,KOYALAGUDEM
377,VEENA ELECTRONICS,DHONE
378,VEERA BHASKHARA ENTERPRISES,BHIMAVARAM
379,VENKAT ENTERPRISES,PENTAPADU
380,VENKATARAJU ENTERPRISES,NAGAYALANKA
381,VENKATESWARA TV AND RADIO ENTERPRISES,CHIRALA
382,VENKATESWARLU BONTHALA,PAMURU
383,VIGNESWARA ELECTRONICS & HOME NEEDS,AVANIGADDA
384,VIJAY TV HOME,BAPATLA
385,VIJAYA ENTERPRISES,VISSANNAPETA
386,VIJAYA ENTERPRISES JGPT,JAGGAMPETA
387,VIJAYA LAKSHMI ENTER PRISES,PAMMARU
388,VIJAYA MANIKANTA FURNITURES,NANDIGAMA
389,VIJAYA SAI TV & FURNITURE SHOWROOM,MALIKIPURAM
390,VIJAYALAKSHMI ELECTRONICS,CHILAKALURIPETA
391,VIJAYALAKSHMI ELECTRONICS & HOME APPLIENCES,CHILAKALURIPETA
392,VIJAYALAKSHMI ENTERPRISES,GANAPAVARAM
393,VIJETHA ELECTRONICS (NRT),NARASARAOPETA
394,VIJETHA ENTERPRISES,JAGGAYYAPETA
395,VIMAL HOME APPLIANCES,SECUNDERABAD
396,VIMSONS ENTERPRISES,CHITTOOR
397,VISWESWARA AGENCIES,AMALAPURAM
398,VK ENTERPRISES,NELLORE
399,VSB EXPORT,NANO CUSTOMERS
400,VYJAYANTHI ENTERPRISES,DAMMAPETA
401,VYSHNAVI ELECTRONICS,KANCHIKACHARLA
402,WORLD FURNITURE & ELECTRONICS,VINUKONDA
