user role id,email,password,distributor_id,exe id
7,asp_1@skyzen.com,asp,1,0
7,asp_2@skyzen.com,asp,2,0
7,asp_3@skyzen.com,asp,3,0
7,asp_4@skyzen.com,asp,4,0
7,asp_5@skyzen.com,asp,5,0
7,asp_6@skyzen.com,asp,6,0
7,asp_7@skyzen.com,asp,7,0
7,asp_8@skyzen.com,asp,8,0
7,asp_9@skyzen.com,asp,9,0
7,asp_10@skyzen.com,asp,10,0
7,asp_11@skyzen.com,asp,11,0
7,asp_12@skyzen.com,asp,12,0
7,asp_13@skyzen.com,asp,13,0
7,asp_14@skyzen.com,asp,14,0
7,asp_15@skyzen.com,asp,15,0
7,asp_16@skyzen.com,asp,16,0
7,asp_17@skyzen.com,asp,17,0
7,asp_18@skyzen.com,asp,18,0
7,asp_19@skyzen.com,asp,19,0
7,asp_20@skyzen.com,asp,20,0
7,asp_21@skyzen.com,asp,21,0
7,asp_22@skyzen.com,asp,22,0
7,asp_23@skyzen.com,asp,23,0
